Name,Surname,email,regional center,section,license number
Marilyn,Sulland,email1.email@email.com,regional center 0,section 0a,20492985ol
Cyrus,Trouncer,email2.email@email.com,regional center 0,section 0b,79614473Zd
Damiano,Burgen,email3.email@email.com,regional center 0,section 0c,62850909Pd
Pat,Lascelles,email4.email@email.com,regional center 0,section 0d,22910477RL
Hartley,Keene,email5.email@email.com,regional center 0,section 0e,91533691iy
Joya,McCroary,email6.email@email.com,regional center 0,section 0f,14950630lv
Palmer,Mullaly,email7.email@email.com,regional center 0,section 0g,97823169oc
Giselle,Vizor,email8.email@email.com,regional center 0,section 0h,30447475qr
Melody,Amery,email9.email@email.com,regional center 0,section 0i,59247014AT
Konrad,Darwin,email10.email@email.com,regional center 1,section 0j,23033106HS
